profession,city,business_name,rating,total_ratings,address,phone_number,website
Plumbers,New York,RR Plumbing Roto-Rooter,4.8,"1,296",umber · 450 7th Ave Ste B,+1 212-687-1215,https://www.rotorooter.com/manhattan/?utm_source=google&utm_medium=organic&utm_campaign=gmb&utm_content=website
Plumbers,New York,Aladdin Plumbing Corp.,4.9,557,umber,+1 718-783-4621,https://www.aladdinplumbingcorp.com/
Plumbers,New York,Rite Plumbing & Heating Inc,4.5,57,umber · 750 Lexington Ave 9th floor,+1 347-502-6441,http://www.riteplumbingnyc.com/
Plumbers,New York,Hub Plumbing & Heating,4.6,49,umber · 103 Charles St,+1 917-634-8888,https://www.hubplumbingnyc.com/
Plumbers,New York,Neo Plumbing & Heating Corp,4.8,66,umber · 10 E 39th St #909,+1 646-860-0149,https://neoplumbingnyc.com/
Plumbers,New York,Mr. Plumber Inc.,5.0,207,umber,+1 347-565-5130,https://mrplumber.nyc/
Plumbers,New York,Nexus New York Plumber & Drain,5.0,52,umber · 268 Bowery FLOOR 3,+1 332-241-7066,https://newyorkplumberdrain.com/
Plumbers,New York,Plumbing NYC,4.6,24,umber · 510 W 45th St apt 11g,+1 646-580-7524,https://plumbingnyc.com/
Plumbers,New York,X Y T Plumbing & Heating Chelsea,4.8,104,umber · 125 W 33rd St,+1 646-588-0266,
Plumbers,New York,NYC Quality Plumbing,5.0,46,umber · 885 6th Ave,+1 332-222-0135,https://plumbingquality.com/
Plumbers,New York,A&E NYC Plumbing,5.0,73,umber · 40 Fulton St,+1 646-392-7164,https://www.topplumbernyc.com/
Plumbers,New York,24/7 Manhattan Plumbing NYC,4.3,51,umber · 3441 Broadway,+1 646-543-5763,http://247manhattanplumbingnyc.com/
Plumbers,New York,Harris Plumbing & Heating Corporation | Backflow Preventer | Fire Sprinkler NYC,4.8,145,umber · 184 Glenmore Ave,+1 718-495-3400,http://www.harrisplumbingandheating.com/
Plumbers,New York,WaterHouse Plumbing Company,4.8,21,umber · 171 Attorney St,+1 212-777-3003,https://waterhouse.nyc/
Plumbers,New York,Lopez Plumbing & Heating Mechanical LLC,4.9,64,umber · 530 W 144th St,+1 646-765-6232,http://lopezplumbing.com/
Plumbers,New York,Philco Plumbing and Heating,4.8,280,umber · 414 Bainbridge St.,+1 718-605-0450,http://www.philconyc.com/
