profession,website,address,phone_number,city,total_ratings,business_name,rating
Plumbers,https://www.rotorooter.com/manhattan/?utm_source=google&utm_medium=organic&utm_campaign=gmb&utm_content=website,umber · 450 7th Ave Ste B,+1 212-687-1215,New York,"1,307",RR Plumbing Roto-Rooter,4.8
Plumbers,https://www.aladdinplumbingcorp.com/,umber,+1 718-783-4621,New York,566,Aladdin Plumbing Corp.,4.9
Plumbers,https://mrplumber.nyc/,umber,+1 347-565-5130,New York,207,Mr. Plumber Inc.,5.0
Plumbers,http://www.riteplumbingnyc.com/,umber · 750 Lexington Ave 9th floor,+1 347-502-6441,New York,57,Rite Plumbing & Heating Inc,4.5
Plumbers,https://www.rotorooter.com/queensny/?utm_source=google&utm_medium=organic&utm_campaign=gmb&utm_content=website,umber · 216-30 90th Ave,+1 718-559-0959,New York,"2,877",RR Plumbing Roto-Rooter,4.7
Plumbers,https://www.rotorooter.com/eastflatbushny/?utm_source=google&utm_medium=organic&utm_campaign=gmb&utm_content=website,umber · 756 E 98th St,+1 718-885-4934,New York,946,RR Plumbing Roto-Rooter,4.9
Plumbers,https://neoplumbingnyc.com/,umber · 10 E 39th St #909,+1 646-860-0149,New York,66,Neo Plumbing & Heating Corp,4.8
Plumbers,https://waterhouse.nyc/,umber · 171 Attorney St,+1 212-777-3003,New York,21,WaterHouse Plumbing Company,4.8
Plumbers,,umber · 3060 NY-2200 Frederick Douglass Blvd,+1 315-526-8735,New York,50,LZ Manhattan Plumbing New York,5.0
Plumbers,https://plumbingquality.com/,umber · 885 6th Ave,+1 332-222-0135,New York,46,NYC Quality Plumbing,5.0
Plumbers,https://nycplumbersdrain.com/,umber · 537 W 150th St,+1 646-349-6213,New York,61,"Empire NYC Plumbers, Drain & Sewer Cleaning",5.0
Plumbers,https://newyorkplumberdrain.com/,umber · 268 Bowery FLOOR 3,+1 332-241-7066,New York,52,Nexus New York Plumber & Drain,5.0
Plumbers,https://plumbingnyc.com/,umber · 510 W 45th St apt 11g,+1 646-580-7524,New York,24,Plumbing NYC,4.6
Plumbers,https://www.rotorooter.com/brooklynny/?utm_source=google&utm_medium=organic&utm_campaign=gmb&utm_content=website,umber · 557 17th St Ste A,+1 718-485-0207,New York,"1,752",RR Plumbing Roto-Rooter,4.8
Plumbers,http://lopezplumbing.com/,umber · 530 W 144th St,+1 646-765-6232,New York,63,Lopez Plumbing & Heating Mechanical LLC,4.9
Plumbers,https://www.hubplumbingnyc.com/,umber · 103 Charles St,+1 917-634-8888,New York,49,Hub Plumbing & Heating,4.6
